,Term,Interbank,Sov,LBPratespread,USDratespread,CDratespread,LBPdeprate,USDdeprate,EMPI,FinancialDoll,CA,FA,Rem,POILBREUSDM,Close,gdp_s
2002-01-31,1.091501178295565,-0.5633375691927249,2.124565714799304,1.4826545030914486,1.5038205245156981,0.814750679243421,1.137846769931603,0.4553907340791746,-0.64265206005862,0.003259787128085523,0.1556690688779066,-0.49160760908431705,-2.2545086840828477,-0.22322437075374557,0.07336168155742007,0.006656615890041536
2002-02-28,1.091501178295565,-0.5633375691927249,2.1283996499116538,1.4282667285684683,1.5719998813649636,0.8561016996559742,1.1170097965302082,0.3905293471854846,-0.16432671496434664,0.026638869164401294,0.8229562609055483,-0.37213364516485525,-2.2355349245603513,-0.2635276826842077,0.08361336237292294,0.17182173613409785
2002-03-31,1.091501178295565,-0.3759291000401403,1.9213671538447685,1.4233223854300145,1.6856321427804046,0.8423180261851231,1.1239554543306731,0.3905293471854846,2.5692377633369143,0.062414197836348724,0.6309399860948575,-0.18431124017293926,-2.2201596366714322,-0.0412866722693116,0.12017119883068017,-0.10084441387265866
2002-04-30,1.091501178295565,-0.5633375691927249,1.9750422454176648,1.4826545030914478,1.6969953689219486,1.0077221078353393,1.0406075607250918,0.38404320849611573,0.9504167157536086,0.11029306797008948,0.33917905395227094,-0.3324530292676609,-2.196687787606965,-0.002791929692621764,0.18223726155057718,-0.10159349670234714
2002-05-31,1.091501178295565,-0.4696333346164326,2.03638520721526,1.3392685520763181,1.8333540826204775,0.7527241486245901,1.169102230033696,0.3905293471854846,0.07447316728802396,0.18558442367511396,0.7187421971020237,-0.13311164025829547,-2.2170518657151606,-0.10157778864970612,0.24588960563566453,0.06399601050845781
2002-06-30,1.091501178295565,-0.5633375691927249,2.1399014552487023,1.4529884442607315,1.4470043938079777,0.8009670057725687,1.1447924277320687,0.4099877632535918,0.9532347455829149,0.1275454495897142,0.760841122576724,-0.271808603229385,-2.2304643508948567,-0.12983267582641755,0.16292811295106002,-0.10084441387265866
2002-07-31,1.091501178295565,-0.3759291000401403,2.3047606650797405,1.1612721990920183,1.162923740269374,0.5804282302389484,1.2559229525395097,0.4099877632535918,-1.8732914810218806,0.09185080615374337,0.8173574882824862,-0.06773862806923381,-2.2363527590225276,0.03467047509693133,0.12799978578548354,0.23633986301924556
2002-08-31,1.091501178295565,-0.4696333346164326,2.4696198749107787,1.1266617971228476,1.2311030971186374,0.5873200669743739,1.2524501236392773,0.4099877632535918,-0.2105707774288879,0.045727828209981364,0.6844527184191483,-0.3045877056584612,-2.1993048578859296,0.034345277313197364,0.044905802511128856,0.17182173613409785
2002-09-30,1.091501178295565,-0.4696333346164326,2.519461031371325,1.1316061402613005,1.1856501925524618,0.5735363935035217,1.2593957814397427,0.4099877632535918,-0.4950494790849546,-0.004101306864702372,0.47720201509763555,-0.34928086979904727,-2.172398104080321,0.09807455900268613,0.08277011097798481,0.29056206582307
2002-10-31,1.091501178295565,-0.42278121732828644,2.553966447382472,0.9585541304154531,1.0720179311370208,0.5046180261492652,1.2941240704420682,0.41647390194296074,-0.014495774099345392,-0.0627457648404913,-0.20873173296217964,0.051204450198834274,-2.154732879697307,0.308568475452196,0.13089709539935668,0.39671539243900567
2002-11-30,0.7564816808710436,-0.8669392892199123,2.277923119293292,0.9585541304154531,1.0833811572785648,-0.03983707594936194,1.2211946635371844,0.3775570698067463,-2.231014611147701,-0.18348132474707046,0.2625023009900742,-0.2542276458436959,-2.1490080384620716,0.2692959559156778,0.053021068738682064,0.17182173613409785
2002-12-31,-0.7561821105305738,-0.017978923958703572,0.5756559294100175,1.2552147187226208,1.162923740269373,-0.8255064637878885,1.0093521006229988,0.28675112815558024,-3.131104943822117,-0.28167324920005216,0.43524726402524583,-0.3025876248322803,-2.1465545350755417,0.5157980354126221,0.044830048724759264,0.23633986301924556
2003-01-31,0.06613847405688308,-0.428403471402864,0.6139952805335146,1.181049571645829,1.1856501925524618,-1.3699615658865156,0.8148736822099759,0.15702835436819973,-3.0959350558182726,-0.3384323339553041,0.6775083180411869,0.1346399207132212,-0.7673584980609884,0.5378939144022887,0.06964603220051324,0.48514081376289053
2003-02-28,0.06613847405688308,-0.428403471402864,0.6561685667693616,1.4777101599529958,1.2651927755432721,-1.2390166679134282,0.6099767770962554,0.1375699383000928,-0.5963220724717938,-0.37000475175056846,2.180694665598738,-0.06182480883626673,1.2432057437538702,0.5898028717449499,0.07380743226430497,0.2191151818139162
2003-03-31,0.06613847405688308,-0.428403471402864,0.6791721774434598,1.2601590618610727,1.1401972879862852,-1.273475851590557,0.6273409215974184,0.11811152223198586,-3.517094078860358,-0.35267495234216734,0.38531486269166854,0.8443599595589646,-1.6004046812340336,0.256954089123445,0.017783910604845632,-0.20982821645967178
2003-04-30,0.06613847405688308,-0.428403471402864,0.6600025018817113,1.1316061402613005,1.1174708357031975,-1.2941513617968337,0.5509386857923021,0.053250135338295604,0.0043063004502346194,-0.389007034348466,0.6741442486539393,-0.37170152893697667,-1.3880130714067809,-0.03509110021022954,0.10479799773452969,0.5588094503026064
2003-05-31,0.06613847405688308,-0.24099500225027937,0.7366812041287056,1.373878954045487,1.185650192552461,-1.273475851590557,0.45369947658579085,-0.057014222380977676,-1.3033921459969895,-0.4322530333170951,1.1644333327782461,-0.13009917284108471,-1.3676489932985842,0.006457262021895449,0.05053521696796204,0.2811878292686776
2003-06-30,0.06613847405688308,-0.3346992368265717,0.8095259712633501,0.7360586891850772,1.1401972879862872,-1.321718708738537,0.4780092788874188,-0.018097390244763815,-0.8617966616479069,-0.4704663995727503,1.027107214577383,-0.07034367161444478,-1.3849053004505099,0.13126504705624997,0.2596443162154567,0.44184284883878105
2003-07-31,0.06613847405688308,-0.5221077059791563,0.7175115285669571,0.5679510224776835,0.9242959912969461,-1.1700983005591719,0.4016070430823025,-0.011611251555394645,-1.3957097488409367,-0.5204937890431102,0.6356496832370043,-0.0028471168198082684,-1.5138777951357536,0.10233215072386037,0.35325064673615536,0.6092861086724116
2003-08-31,0.06613847405688308,-0.428403471402864,0.5679880591853179,0.5531179930623246,0.9924753481462104,-1.0667207495277866,0.3495146095788141,-0.05052808369160879,-0.4377223295467853,-0.5312880695280106,0.08221221090064681,-0.2072751311402017,-1.508561871131606,0.11638224034918099,0.5103232421873607,0.48514081376289053
2003-09-30,0.06613847405688308,-0.428403471402864,0.6254970858705639,0.18723660081681845,0.6288521116167994,-1.0667207495277866,0.3495146095788141,-0.05052808369160879,0.22184552264893506,-0.5316908639920626,1.4815209015933979,-0.11171571388933536,-1.6215865938044067,-0.04676830915102881,0.6293762656705244,0.5463631509785458
2003-10-31,0.06613847405688308,-0.5221077059791563,0.610161345421165,0.10812711060157469,0.6061256593337097,-1.0115860556443812,0.32173197837695366,-0.044041945002239624,-0.3663786327460384,-0.5748617673927109,-1.423064665490408,0.0050791294172791174,-1.6062113059154874,0.06950807241477097,0.582158682533159,0.5830382463201139
2003-11-30,0.16765953388249474,-0.23724683286722775,-0.003268272554789815,0.04879499294014034,0.6970314684660649,-1.0873962597340638,0.3252048072771864,-0.1283617479640371,0.003608023493153542,-0.5878664055323258,-1.6678007134126818,0.32312901931386423,-1.7195631623731584,0.19372913639398304,0.6555493717882335,0.27232030820371145
2003-12-31,0.12705110995224989,-0.15103893705703883,0.004399597669909458,-0.09953530121344267,0.8902063128723153,-1.0391534025860838,0.3008950049755585,-0.08295877713845377,0.0454890111775482,-0.5779785642029901,-0.34668260690638886,0.08987267950499879,-1.5705537233645892,0.05036521515800163,0.7809353413272007,1.265482667479883
2004-01-31,0.13720321593481177,-0.14916485236551286,0.061908624355155366,-0.06492489924427304,0.6970314684660629,-0.8737493209358678,0.21754711136997718,-0.09593105451719183,-0.18353982033703606,-0.5842619022788307,0.9135939018248234,-0.06957820858220269,-1.3086013451294363,0.0056192748826120464,0.7156261173166911,0.5511421097907373
2004-02-29,0.21842006379530055,-0.22412824002654677,0.061908624355155026,-0.020425810998198488,0.7197579207491517,-0.7910472801107596,0.17587316456718652,-0.12187560927466792,-0.4561836164299593,-0.5858042748196227,0.5573149246482355,-0.03494717946221816,-1.062760305799162,-0.05717566016073483,0.7784501001898281,1.085350278787635
2004-03-31,0.27933269969066826,0.25938561038712166,0.11558371592805129,0.05373933607859346,0.7197579207491528,-0.6738860556085233,0.11683507326323318,-0.1543063027215132,0.4100496966755307,-0.5521046451811452,0.43159484583337693,-0.18666936015936245,-1.0350357175313767,0.10793696328165647,0.9241667519236281,1.0067009259783453
2004-04-30,0.3300932296034741,-0.14916485236551286,-0.07994697480178459,0.12790448315538497,0.42431404106900417,-0.5842921780479897,0.07168829756021006,-0.16727858010025123,0.09134674249449758,-0.5213471099226359,0.08406244906363303,-0.12927197891914566,-1.4099310349931127,0.33244366977141215,0.8439428364470738,0.6178081419036787
2004-05-31,0.30978901763835215,-0.1023127350773667,-0.26397586019457053,0.1328488262938385,0.4697669456351808,-0.5360493209000099,0.04737849525858209,-0.21268155092583427,-1.046596095308599,-0.5090627275497204,0.572381149689695,-0.09797441784279606,-1.430704030332397,0.4617815308262845,0.9024824482326199,0.740525420433907
2004-06-30,0.3097890176383512,-0.09856456569431508,-0.3598242380033138,0.14768185570919612,0.7311211468906966,-0.43956360660405075,-0.0012411093446735098,-0.2515983830620484,0.46201808906885644,-0.48971233692316457,-0.7977081954681041,-0.10239434954509709,-1.4393730756314687,0.2855281961086067,0.5759194564508903,0.7200725406788681
2004-07-31,0.35039744156859604,-0.13792034421635785,-0.3138170166551172,0.05868367921704614,0.4924933979182696,-0.43956360660405075,-0.0012411093446735098,-0.2256538283045723,-0.3719124025755655,-0.46515860528290515,0.24943048851391156,0.01093121776054924,-1.401261989694041,0.3411077322439595,0.6132018548442888,0.5588094503026064
2004-08-31,0.3402453355860351,-0.13979442890788366,-0.26397586019457087,0.029017620386329625,0.31068177965356414,-0.4533472800749024,0.005704548455791753,-0.19322313485772735,-0.07531909879584495,-0.45473745667210996,-0.08702450834496639,0.16478928724120773,-1.224364395525251,0.4208209029145462,0.5551614563390139,0.6508175364450371
2004-09-30,0.28948480567322926,-0.196016969653659,-0.2716437304192705,-0.025370154136650728,0.4015875887859174,-0.4051044229269225,-0.018605253845836205,-0.18673699616835818,0.464033863336542,-0.4129356659787851,0.7028830128478557,-0.5494617989082912,-1.4929412329040335,0.6016773954989336,0.4867723558842527,0.6051065127564409
2004-10-31,0.28948480567322926,-0.14916485236551286,-0.290813405981019,-0.1489787325979708,0.19704951823812106,-0.39132074945607087,-0.025550911646301466,-0.147820164032144,1.625698855797603,-0.21470870614161255,2.483412852316931,-0.09009755631746626,8.082264650259148,0.6896581798948085,0.6402917611929937,0.3905539224032556
2004-11-30,0.28948480567322926,-0.196016969653659,-0.3943296540144616,-0.05503621296736724,0.24250242280429668,-0.33618605557266545,-0.0533335428481619,-0.21916768961520317,-0.8002610584865493,-0.1526987235257721,0.7150897789101546,-0.14379108417586647,-1.4104217356704187,0.5112574524979325,0.8870705841347568,0.5155437431284876
2004-12-31,0.28948480567322926,-0.14916485236551286,-0.45567261581205676,-0.1292013600441592,0.15159661367194543,-0.5015901372228816,0.0300143507574194,-0.19970927354709622,-0.6421789397792678,-0.21281783588030384,0.6708042083337432,-0.6115754201213544,0.29566273587610686,0.3436778248794006,0.8315326633870923,0.2811878292686776
2005-01-31,0.28948480567322926,-0.196016969653659,-0.5361852531714009,-0.0599805561058208,0.24250242280429768,-0.32240238210181443,-0.06027920064862685,-0.17376471878962013,-0.4094514032684351,-0.24768072662226032,1.7196008979423312,-1.1219911084915504,-1.3781990578606622,0.4258285826067507,0.7947450211486804,0.13836857823410928
2005-02-28,0.28948480567322926,1.3969550181433106,-0.5975282149689964,-0.04020318355200964,0.0606908045395922,-0.2259166678058553,-0.10889880525188246,-0.147820164032144,1.2533701597791649,0.07833408705985437,0.44437830950491836,-0.1654833188153719,-0.9674008075093752,0.4846890729014448,0.8450877243910582,-0.6768591465902293
2005-03-31,1.0915011782955641,0.8347296106855566,-0.428835070025609,-0.3566411444129873,0.18568629209657816,-1.1632064638237458,0.3634059251797443,-0.06350036107034684,1.6496078098671192,0.652671103585816,-0.046607617563890064,-1.8773302748233338,-0.6951437150507976,0.5925256256829154,1.0001451978662463,0.19763485128387448
2005-04-30,1.0915011782955641,0.4599126723803873,-0.3981635891268112,-0.4159732620744216,-0.07566790915893767,-1.445771769976199,0.5057919100892793,-0.011611251555394645,-0.8163886815927944,0.5213618689523216,1.463042549030587,-0.6959738925150136,-1.2539700030560426,0.576974512807833,1.123418939529492,0.00024139840200509255
2005-05-31,1.0915011782955641,-0.1023127350773667,-0.3943296540144616,-0.5395818405357403,-0.17793694443283584,-1.473339116917901,0.5196832256902092,0.014333303202081454,0.07594893823389898,0.3325564072552132,1.1281734705971258,-0.06997328627626312,-1.0230135509373814,0.3111652906172582,1.0639448418705997,0.2871532525305635
2005-06-30,1.0915011782955641,-0.196016969653659,-0.3943296540144616,-0.4703610365974011,-0.018851778451218156,-1.3148268720031102,0.4398081609848603,0.04027785795955756,-1.007746719793788,0.21040663341214141,0.6219050568833921,0.5022226765026325,-1.170796238252686,0.5474776496543217,1.3841760184046414,0.2326525808361715
2005-07-31,1.0915011782955641,-0.196016969653659,-0.4825101615985049,-0.4357506346282323,-0.280205979706733,-1.1149636066757664,0.33909612287811663,0.05973627402766449,-0.43679199906471805,0.15807505311474782,1.508217195087914,0.4838021790170651,-1.1402910128135002,0.5074682389632623,1.0961356568151102,0.23431664649671557
2005-08-31,1.0915011782955641,-0.1023127350773667,-0.5476870585084501,-0.4505836640435908,-0.18930017057437973,-0.9840187087026785,0.273112373773698,0.1051392448532478,-0.5083940436784986,0.10244464050814278,0.7010568037519213,-0.2884389049137412,-1.189524647436529,0.5145485291866898,1.269058661721643,0.27355763672440464
2005-09-30,1.0915011782955641,-0.1023127350773667,-0.5131816424973027,-0.3220307424438185,-0.07566790915893666,-0.9151003413484221,0.23838408477137266,0.14405607698946166,0.4582728616846151,0.09984726710689103,0.48578039203511725,0.7966172894673496,-1.1613093584914378,0.46046487223883603,1.2951848248166553,0.32364760660327846
2005-10-31,1.0915011782955641,-0.14916485236551286,-0.6358675660924934,-0.37641851696679884,-0.26884275356518705,-0.8599656474650167,0.2106014535695122,0.19594518650441387,-1.684941637695755,0.11705516573184173,0.26243021378891884,0.9615375343817,-0.95815927808678,0.1844206575646734,1.1788418207078988,-0.23110597541434805
2005-11-30,1.0915011782955641,-0.14916485236551286,-0.6933765927777393,-0.5643035562280047,-0.24611630128210027,-0.908208504612996,0.23491125587113987,0.2608065733981041,-0.04483507612824923,0.03162812131148468,0.8075055707912606,-1.7202375067225555,-0.9216838610737051,0.26745768699284134,1.0489144548016505,0.38260002472073984
2005-12-31,1.0915011782955641,-0.14916485236551286,-0.68570872255304,-0.6483573895817024,-0.3483853365559964,-0.977126871967253,0.2696395448734656,0.3451263763599013,-0.6222074629856583,0.08106952610653809,1.1307926389057688,1.603267171315231,-0.5438443395481338,0.43014851685884636,1.0782308681061603,0.35805656901469457
2006-01-31,1.0915011782955641,-0.14916485236551286,-0.68570872255304,-0.6038583013356265,-0.37111178883908524,-0.9219921780838476,0.24185691367160514,0.3710709311173774,0.0579261999924314,0.02350583156862183,1.514897275728306,-0.8649436837934834,-0.5277330006432558,0.43321243741651916,1.210149330468397,0.04359942004528335
2006-02-28,1.0915011782955641,-0.196016969653659,-0.7892249705864823,-0.5148601248434765,-0.3597485626975413,-0.9357758515546987,0.24880257147207008,0.3645847924280085,-0.3070401154719999,0.0036194377999527096,0.8809143706344166,0.26728725649401036,-1.0598161017353267,0.3299249797685966,1.2905389524601283,0.9312707555406742
2006-03-31,1.0915011782955641,-0.008608500501074373,-0.8122285812605808,-0.5890252719202684,-0.4620175979714385,-0.9357758515546987,0.24880257147207008,0.41647390194296074,-0.0951459897735616,0.02688279371427137,0.4436334084263135,0.9747232524209668,-0.8484876767089029,0.17880859614300726,0.6970271646241748,0.9492433620304994
2006-04-30,1.0915011782955641,-0.196016969653659,-0.873571543058176,-0.4604723503204957,-0.530196954820704,-0.8944248311421449,0.2279655980706749,0.4683630114579129,-1.1732446181525313,0.03253195500223953,0.9982242759811559,-1.0679889261846653,-0.6662741585359653,0.3371534095538118,0.30555417742998614,0.9373843880761473
2006-05-31,1.0915011782955641,-0.196016969653659,-0.9042430239569738,-0.5395818405357403,-0.6892821208023227,-0.8875329944067194,0.22449276917044245,0.526738259662234,-0.10937142496344872,0.0428719299078651,1.1337722432201882,0.3994530913351634,-0.8224805408116882,0.4306452207916789,-0.06348352128973611,0.9602749657089661
2006-06-30,1.0915011782955641,-0.196016969653659,-0.9617520506422197,-0.5198044679819293,-0.6097395378115132,-0.8806411576712933,0.22101994027020966,0.5397105370409717,-0.5328918400729267,0.04629450183641147,1.848396697339816,0.7715915867842092,-0.5699332588915661,0.26247036785305844,-0.06278424374162883,0.7180272527033649
2006-07-31,1.0915011782955641,-0.008608500501074373,-0.9617520506422197,-0.37147417382834574,-0.5415601809622478,-0.7910472801107596,0.17587316456718652,0.6305164786921384,0.444939155135187,0.23899306622942335,1.030110847958854,-1.5951213394847934,-0.6757610382972131,0.2848596030211381,-0.07580317770196854,-1.5403233081106806
2006-08-31,1.0915011782955641,-0.196016969653659,-0.8774054781705259,-0.5939696150587211,-0.7915511560762187,-0.8117227903170369,0.18629165126788427,0.6629471721389834,-0.4848134991236459,0.2704280639121848,1.5441887084644133,0.7286021951992586,-1.3695300125615906,0.14933440300232514,-0.20847376363884418,-2.6423694648595775
2006-09-30,1.0915011782955641,-0.196016969653659,-0.8275643217099793,-0.45552800718204306,-0.7006453469438665,-0.7910472801107596,0.17587316456718652,0.6824055882070906,-0.47531937985584866,0.23570638718621129,1.2239293027984277,0.8383597170804217,-1.3054935741731655,-0.011606148476993261,-0.23544017823466934,-0.9759078255254089
2006-10-31,1.0915011782955641,-0.196016969653659,-0.8390661270470285,-0.4011402326590627,-0.8142776083593085,-0.8530738107295905,0.20712862466927942,0.7148362816539355,-0.16231907813877902,0.20662039742340418,1.9561190049328994,-0.33850265645796124,0.034855325888001054,-0.002552932565542787,-0.286147576046458,-0.1883659957462496
2006-11-30,1.0915011782955641,-0.196016969653659,-0.8160625163729305,-0.4950827522896658,-1.018815678907102,-0.8186146270524624,0.18976448016811673,0.7537531137901494,0.23125578884262368,0.26535173724951694,-0.05211027391874522,0.34462371510633943,-0.6648020565040474,0.06804711900253269,-0.4634974404067135,0.2698740954961336
2006-12-31,1.0915011782955641,-0.14916485236551286,-0.7892249705864823,-0.4209176052128743,-0.9165466436332037,-0.832398300523314,0.196710137968582,0.7796976685476256,0.7823963681325506,0.3713989537811908,1.4935594641863346,0.9450553868326165,-0.9380405503172363,0.08929219944369615,-0.5271957434294133,-0.3036830166249381
2007-01-31,1.0915011782955641,-0.1023127350773667,-0.8697376079458263,-0.5939696150587211,-0.9847260004824702,-0.8186146270524624,0.18976448016811673,0.8056422233051016,-0.43208382377543564,0.3573430154783193,1.3327569474758925,-1.3021959216948638,0.4740324320768145,-0.13913318171119893,-0.5869182772592808,0.04257089879323406
2007-02-28,1.0915011782955641,-0.196016969653659,-0.8582358026087771,-0.4555280071820435,-0.9051834174916598,-0.8117227903170369,0.18629165126788427,0.8315867780625777,0.5917311862091956,0.3527189880724036,0.9910876430667803,-0.5788210100481568,-1.0441136800615365,-0.04664051771632505,-0.6019746550606455,-0.2644341712867061
2007-03-31,1.0915011782955641,-0.196016969653659,-0.7508856194629853,-0.3368637718591761,-1.1438111664640869,-0.8461819739941651,0.20365579576904697,0.8575313328200539,0.29156409017503526,0.34802001987770925,1.024295813732326,1.3328364897308673,-1.0356082016549002,-0.0062104015249152544,-0.48868238831545374,-0.08901932021896015
2007-04-30,1.0915011782955641,-0.14916485236551286,-0.7892249705864823,-0.3863072032437042,-1.2119905233133532,-0.8186146270524624,0.18976448016811673,0.8315867780625777,-0.37672968342506297,0.3400676672024583,1.1570564091933528,-0.3290207918005109,-1.0362624692246418,-0.03766738426960192,-0.49563321858311205,-0.17190027086029103
2007-05-31,1.0915011782955641,-0.196016969653659,-0.8275643217099793,-0.41597326207442076,-1.3142595585872505,-0.832398300523314,0.196710137968582,0.8769897488881611,-0.23381282258512584,0.32453164828065256,0.9326970101309803,0.37356315619626596,-0.5649444686722894,-0.03959968675426884,-0.3223026876500986,-0.5745736623719928
2007-06-30,1.0915011782955641,-0.1023127350773667,-0.9080769590693237,-0.4753053797358546,-1.4392550461442353,-0.8392901372587395,0.20018296686881448,0.8769897488881611,-0.10851099601137619,0.34027568889734927,1.4451649231440706,1.252092486007267,-0.9748431011151816,0.020024060887551043,-0.4256323757091416,-0.9081684335698629
2007-07-31,1.0915011782955641,-0.196016969653659,-0.8467339972717282,-0.4950827522896658,-1.3256227847287942,-0.8186146270524624,0.18976448016811673,0.8899620262668988,-0.4937590264654174,0.35871867329638113,1.0217967907589418,-0.0841713909065598,-1.0083743140644208,0.028257732645908362,-0.36626591408172915,1.7960245660901775
2007-08-31,1.0915011782955641,-0.196016969653659,-0.6512033065418923,-0.5198044679819296,-1.4165285938611476,-0.8255064637878885,0.19323730906834952,0.8380729167519466,-0.08763926270759885,0.3656963409780236,1.7701580550192544,1.525893674169084,1.2209606463826683,-0.029760249865425026,-0.30109002628300086,3.6934099350675234
2007-09-30,1.0915011782955641,-0.196016969653659,-0.5361852531714009,-0.3961958895206096,-1.5415240814181335,-0.8186146270524624,0.18976448016811673,0.9094204423350061,-0.19521446613289867,0.3962708231945884,1.2527401541934995,1.6979006252206434,-0.775945759913842,0.2278187758459176,-0.30573872740047836,0.805727116723056
2007-10-31,1.0915011782955641,-0.196016969653659,-0.5208495127220023,-0.44069497776668504,-1.3256227847287934,-0.7910472801107596,0.17587316456718652,0.8121283619944705,0.7773657294871048,0.4235441886927098,0.049508650643188344,-1.2645894636914865,-0.5263426820575555,0.4041855746941643,-0.25404535687315655,0.7213196674932005
2007-11-30,1.0915011782955641,-0.196016969653659,-0.27931160064396976,-0.5247488111203827,-1.3028963324457046,-0.7496962596982059,0.15503619116579134,0.7796976685476256,-0.3307493734725862,0.4443057505192628,0.7085298436050216,-0.3888380239168478,-0.3558241966937422,0.5658070458208597,0.061813522533129106,0.3881369921682377
2007-12-31,1.0915011782955641,-0.1023127350773667,-0.19496502817227607,-0.5099157817050243,-1.4392550461442364,-0.7703717699044831,0.1654546778664891,0.7342946977220428,-0.14385315085176012,0.4773860193854252,1.2467088583635053,2.07971852417417,-0.519309305682837,0.4699457731343737,0.359748053843824,0.3954692524317751
2008-01-31,1.0915011782955641,-0.196016969653659,0.05040681901810577,-0.514860124843477,-1.4051653677196037,-0.7359125862273542,0.1480905333653261,0.6564610334496145,-0.12074906022307111,0.4618153064351237,1.4805357098442755,-0.13123502121150846,-0.04782773823804943,0.6896623244015088,0.42213327991694594,0.6166591037151935
2008-02-29,1.0915011782955641,-0.196016969653659,0.24593750974794165,-0.5198044679819296,-1.2347169755964411,-0.6738860556085233,0.11683507326323318,0.41647390194296074,-1.443655390272687,0.4513873352908493,0.9945237996551833,0.8187786788685518,0.42193637683616747,0.6340037597767965,0.2339343872704167,0.7584216902195647
2008-03-31,1.0915011782955641,-0.196016969653659,0.38012523868018167,-0.5099157817050238,-0.9847260004824692,-0.6463187086668206,0.10294375766230296,0.18297290912567582,-0.1644579452083153,0.4170386163297395,-0.2987926762722119,0.7912220097078367,-0.7743918744357065,0.6543684521466557,0.10238962867959334,0.46111269216749906
2008-04-30,1.0915011782955641,-0.14916485236551286,0.2152660288491439,-0.5593592130895519,-0.9619995481993814,-0.6738860556085233,0.11683507326323318,0.07270855140640253,-0.7753797391043081,0.3601265563374067,1.1200756750006795,-0.30309381812779523,0.5652209746095009,0.6255341668531984,0.26434999138824367,0.545783215884592
2008-05-31,1.0915011782955641,-0.196016969653659,0.061908624355155026,-0.6335243601663431,-0.8824569652085725,-0.6807778923439488,0.12030790216346565,0.03379171927018838,-0.7161458100032495,0.2958792043566574,0.7199196213875603,0.6423024114029336,-0.5736952974175785,0.8290940493013075,0.28195480953027663,0.21411801524691831
2008-06-30,1.0508927543653201,-0.196016969653659,-0.07611303968943427,-0.44069497776668504,-0.9847260004824692,-0.6669942188730978,0.1133622443630007,-0.0051251128660257635,-0.8897927456521725,0.22238568197999567,1.5152096535999788,1.429321870327188,0.01661761738146358,0.8799527983816564,0.35815769004817843,1.196409345500149
2008-07-31,0.9899801184699525,-0.196016969653659,-0.022437948116538677,-0.41102891893596805,-0.882456965208572,-0.6532105454022468,0.10641658656253575,-0.03755580631287075,-1.731497371042944,0.164346683985252,-0.12287587638620681,0.4000580540541934,0.20831801531564959,0.7546254366503014,0.234924658010506,1.2202277323897122
2008-08-31,0.9899801184699525,-0.196016969653659,0.03507107856870723,-0.49508275228966536,-1.109721488039455,-0.6532105454022468,0.10641658656253575,-0.0051251128660257635,-0.9888569818208724,0.0625321574213906,0.17162436940028158,-0.709752227095371,0.01661761738146358,0.5957876797835309,0.08205493053964141,0.8873354979976107
2008-09-30,0.9899801184699525,-0.14916485236551286,0.1654248723885976,-0.4604723503204957,-0.9051834174916603,-0.6187513617251179,0.08905244206137275,0.007847164512712286,-0.2779257494376391,-0.028129061417533303,-0.10439752382339586,0.5453725684007952,-0.0997602265862608,0.28634729517864055,-0.011943780470528131,0.7224234463978376
2008-10-31,0.9899801184699525,-0.196016969653659,0.34561982266903424,-0.5494705268126462,-0.6892821208023215,-0.687669729079375,0.12378073106369844,-0.011611251555394645,-0.8258209759553198,-0.16678235757333149,0.14463972710114428,-1.6667415177111855,0.17045227971687482,-0.12779355736244902,-0.2043738804881725,0.8280182949415693
2008-11-30,1.0102843304350755,-0.1885206308875556,0.49130935693832384,-0.45552800718204306,-0.5983763116699683,-0.6807778923439488,0.12030790216346565,-0.057014222380977676,-0.310039529316489,-0.2433140539046549,-0.1021147624534779,-0.17682945634166986,0.027821949513282512,-0.4315461572773748,-0.42361640735156403,0.7364027195408746
2008-12-31,0.9595238005222687,-0.07982371877905652,0.5909916698594161,-0.4950827522896658,-0.51883372867916,-0.6463187086668206,0.10294375766230296,-0.147820164032144,-0.621622442866572,-0.2543532177944514,0.9425489276222058,1.6346635018150961,0.07754628481361732,-0.5573432045521742,-0.5594520417806144,0.8745570579775589
2009-01-31,0.8173943167664122,-0.17727612273840063,0.5488183836235694,-0.4357506346282319,-0.632465990094602,-0.6463187086668206,0.10294375766230296,-0.1607924414108821,-0.5129686497274929,-0.3504827350375242,0.3325230023789308,-1.451313058846797,0.4001001966960536,-0.5311789541362129,-0.5322042775498343,0.8506848427414813
2009-02-28,0.7463295748884835,-0.17727612273840063,0.4568039409271761,-0.4110289189359685,-0.643829216236145,-0.5842921780479897,0.07168829756021006,-0.19970927354709622,-0.5885542485068924,-0.41103071717216444,1.245483375943865,0.23979231822299238,0.01849863664446982,-0.5469866828878378,-0.5061472742032884,0.6837001514237739
2009-03-31,0.6752648330105538,-0.16790569928077143,0.42996639514072793,-0.3615854875514404,-0.6097395378115122,-0.5636166678417126,0.06126981085951231,-0.19322313485772735,-0.4111926502984695,-0.42935252479001573,1.1151737453221184,1.1094817846293916,1.3535316127014885,-0.5484502987780322,-0.5373454821202966,0.470092899228404
2009-04-30,0.5128311372895763,-0.15853527582314206,0.3494537577813842,-0.48519406601276,-0.7120085730854104,-0.5498329943708615,0.05432415305904736,-0.20619541223646512,-0.5741552774621034,-0.44641914425360374,-0.7669269605747874,0.8170131754232192,0.025532013019188362,-0.5408740338658182,-0.4549401105239639,1.370474116889077
2009-05-31,0.5128311372895754,-0.14729076767398705,0.3264501471072857,-0.4950827522896658,-0.6097395378115122,-0.5360493209000099,0.04737849525858209,-0.21916768961520317,-0.7131883218729016,-0.4605991912059034,-0.30532858251029327,1.1986952664194124,0.37621943040049743,-0.5357631722288956,-0.3913736658925877,1.679553223304917
2009-06-30,0.3808537595162799,-0.14354259829093544,0.1730927426132972,-0.46047235032049616,-0.6097395378115122,-0.4671309535457534,0.012650206256256707,-0.24511224437267926,-0.36531010298768085,-0.4972728092169512,-0.1292435791549257,1.7780396662252138,0.33140210187322267,-0.4834305964554848,-0.39398852955954466,1.1859436906547345
2009-07-31,0.10674689798712703,-0.14354259829093544,0.13091945637745017,-0.6533017327201546,-0.6211027639530562,-0.5084819739583072,0.033487179657651876,-0.23862610568331039,-0.9954302498634143,-0.5531988169762754,0.4010779306776294,1.0671590866531677,0.49644109634045236,-0.5141352531847436,-0.37948047526599116,1.0445848160001392
2009-08-31,-0.0150783738036066,-0.18664654619602983,0.038905013681056866,-0.7225225366584939,-0.825640834500852,-0.4946983004874561,0.026541521857186924,-0.24511224437267926,-0.5895427020441768,-0.5917737255247286,0.06678554985341083,1.308983673951969,0.16268285232619759,-0.36211246919211015,-0.32112854968568827,0.8677877833541427
2009-09-30,-0.15720785755946398,-0.17727612273840063,0.027403208344007616,-0.7175781935200408,-0.5870130855284245,-0.4533472800749024,0.005704548455791753,-0.25808452175141733,-0.32730408205117656,-0.6030961561467219,-0.7051722582517395,1.8424743688908818,0.011792394054622072,-0.3163599709106981,-0.24269911510059794,0.7776297284711882
2009-10-31,-0.28918523533275947,-0.15478710644009044,-0.0646112343523857,-0.7126338503815881,-0.5642866332453367,-0.39821258619149696,-0.02207808274606868,-0.24511224437267926,-0.6219763150031594,-0.6485407389363337,-0.13522681685081636,0.7903454310741401,0.44352720663762857,0.013967614226803704,0.018965788533156447,1.2917305298321806
2009-11-30,-0.38055418917580924,-0.13417217483330607,-0.08378090991413388,-0.6978008209662292,-0.4733808241129834,-0.7979391168461855,-0.03944222724723168,-0.31645976995573866,-0.4818271076072083,-0.6824930054889267,-1.3645298581522975,1.8122632714731985,0.2787335625090516,0.4595249161347035,0.2007661754950818,1.1904887750447437
2009-12-31,-0.5226836729316666,-0.16415752989771965,-0.1987989632846257,-0.7126338503815886,-0.41656469340526187,-0.7565880964336318,-0.06027920064862685,-0.32943204733447673,-0.5554501703402104,-0.7363663037401822,0.10876432999285239,2.435276102650617,1.0961591074545252,0.8461208238084499,0.3010294703597127,1.0779979363920333
2010-01-31,-0.6242047327572783,-0.15666119113161625,-0.2754776655316198,-0.7076895072431354,-0.42792791954680676,-0.6601023821376726,-0.10889880525188246,-0.3359181860238456,-0.6795596618559292,-0.808133594599031,0.3111371327028559,-0.20690474580202006,0.7954413757122027,0.7742486955196433,0.2811734444161953,1.0152123520277303
2010-02-28,-0.7054215806177689,-0.14354259829093544,-0.3061491464304179,-0.6533017327201546,-0.37111178883908624,-0.5291574841645846,-0.17488255435630107,-0.3683488794706906,-0.15352017775151774,-0.8187001242442341,0.7104281399021113,-0.18360750803039413,0.5410948579752929,0.7222591207280271,0.33130843453001235,1.21595839889064
2010-03-31,-0.7054215806177689,-0.19039471557908158,-0.3444884975539149,-0.5692478993664577,-0.3483853365559964,-0.4533472800749027,-0.28254025026351004,-0.45266868243248803,-0.2433086123578708,-0.8470825147465983,-1.2109600906244378,-0.08143053940401554,0.3733570097828802,0.7070518428262682,0.507667759214302,1.9310090351803502
2010-04-30,-0.7054215806177689,-0.15291302174856464,-0.45950655092440673,-0.618691330750985,-0.38247501498063013,-0.3775370759852201,-0.3207413681660682,-0.4656409598112261,-0.17810269696482758,-0.8585762505984174,-0.275124045226219,-0.25146210198527286,0.377446182093763,0.6856273955840271,0.3073136488542525,0.7205058644024916
2010-05-31,-0.7358778985654518,-0.06108287186379812,-0.4748422913738053,-0.589025271920268,-0.38247501498063013,-0.32929421883724025,-0.3450511704676961,-0.4656409598112261,-0.10511182218247342,-0.901384887106416,0.42143055047047834,-0.5433134022944758,0.28944719396356416,0.3240085132460462,0.09310679459167437,0.7474327526318795
2010-06-30,-0.9084637002689926,-0.0966904810027892,-0.520849512722002,-0.5890252719202689,-0.3597485626975413,-0.2603758514829838,-0.3797794594700215,-0.5240162080155472,-0.147195121528233,-0.9172413147324026,0.7205203480638545,-0.3012665837927657,0.32183343866575626,0.0972056523237621,0.05730113506614032,0.6751923132687965
2010-07-31,-0.9084637002689926,-0.0966904810027892,-0.4825101615985049,-0.7076895072431354,-0.393838241122174,-0.23280850454128113,-0.3936707750709518,-0.4915855145687022,-0.35098310667515525,-0.8875273760502551,-0.024500875876261922,0.4467759913768392,0.4441814742073702,0.15855104501607808,0.09431139995092708,0.7062890782352548
2010-08-31,-0.9186158062515536,-0.09481639631126339,-0.4518386806997068,-0.6928564778277765,-0.38247501498063013,-0.18456564739330125,-0.4179805773725797,-0.5045577919474402,-0.24846164165855153,-0.9123402886408669,-0.21108658153325283,0.2552744253589854,0.2716184026881155,0.059234062448378255,0.06959938210483507,0.2025036265157459
2010-09-30,-0.9186158062515536,-0.09481639631126339,-0.4365029402503083,-0.653301732720155,-0.155210492149746,-0.1707819739224502,-0.4249262351730447,-0.5045577919474402,-0.20849817075098717,-0.9150021119598168,0.2180244978772487,-0.0855171243019531,0.3161903808767385,0.15441428946535685,0.08124581523127006,0.6248357901607409
2010-10-31,-0.9186158062515536,-0.09481639631126339,-0.3981635891268109,-0.6434130464432488,-0.37111178883908624,-0.18456564739330125,-0.4179805773725797,-0.48509937587933305,0.01756604915008795,-0.9065823347329339,-0.5458595436985071,-0.5663390241514351,0.14076488873986567,0.14211496310903793,-0.016016197551174116,0.4242050279831257
2010-11-30,-0.9186158062515536,-0.09481639631126339,-0.425001134913259,-0.707689507243135,-0.49610727639607116,-0.15699830045159854,-0.4318718929735099,-0.4915855145687022,0.11382057910874736,-0.8867664697322238,-1.0577027009682514,0.08798371428027232,0.0761559662279175,0.11521479690103198,0.009348618730406377,0.7308039899330548
2010-12-31,-0.9186158062515536,-0.09481639631126339,-0.4901780318232042,-0.7422999092123046,-0.7460982515100422,-0.15699830045159854,-0.4318718929735099,-0.4915855145687022,-0.5129663596693969,-0.8512988858676142,0.957831414267131,0.6398578681709347,0.7321409883397377,0.2295832945772487,0.05840633072628898,0.47804679691091795
2011-01-31,-0.9186158062515536,-0.09481639631126339,-0.48634409671085455,-0.8164650562890966,-0.3370221104144535,-0.12253911677447034,-0.4492360374746726,-0.4656409598112261,0.03408792821170717,-0.6599240874878192,-0.5308413767911511,-0.5091144894023698,0.16243750198754436,0.26565753893016053,0.061859300780573445,0.2758091689505825
2011-02-28,-0.9186158062515536,-0.09481639631126339,-0.5476870585084498,-0.8164650562890966,-0.5529234071037927,-0.12253911677447034,-0.4492360374746726,-0.42672412767501194,-0.16062018343515988,-0.6320370848719993,1.1343489408294307,0.4385040521574489,0.0005062784765855613,0.41047724720241385,0.017029369144305972,-0.14293921483859046
2011-03-31,-0.9186158062515536,-0.09481639631126339,-0.520849512722002,-0.8065763700121907,-0.20066339671592365,-0.12253911677447034,-0.4492360374746726,-0.4786132371899642,-0.15758160910437158,-0.6040796511469962,0.7515659026947409,1.4217166247165245,0.5924548621999808,0.4451540236421121,-0.07564242312758607,-0.375008729538793
2011-04-30,-0.9186158062515536,-0.09481639631126339,-0.5323513180590512,-0.8115207131506434,-0.43929114568835065,-0.12943095350989586,-0.44576320857444013,-0.4656409598112261,-0.20227863814117897,-0.5750397773353937,0.6260140273492447,0.8216676845063685,0.35143904619654787,0.4482266388492342,-0.03203729450688719,0.28752177288650904
2011-05-31,-0.9186158062515536,-0.09481639631126339,-0.467174421149106,-0.8411867719813604,-0.45065437182989454,-0.12943095350989586,-0.44576320857444013,-0.4656409598112261,0.04023317837238852,-0.5488624711181876,0.08067435060933359,-0.2003736176720836,0.3186438842632678,0.5096013551241865,0.036529614332748706,0.17269317910728232
2011-06-30,-0.9186158062515536,-0.09481639631126339,-0.40966539446386013,-0.8708528308120773,-0.48474405025452727,-0.11564728003904481,-0.4527088663749051,-0.48509937587933305,-0.052525568051631256,-0.5188628535158799,1.1768803895110629,0.19870423804070775,0.26875598207049733,0.5199465996544752,0.057743160107747604,0.3310587677380451
2011-07-31,-0.8780073823213088,-0.08732005754516,-0.40966539446386013,-0.9845727229964911,-0.48474405025452727,-0.09497176983276764,-0.4631273530756028,-0.45266868243248803,-0.3723336450580608,-0.5210082280192556,0.9048473214179792,0.680649640082674,0.46659013847100805,0.5623822505928986,0.05928335306497101,0.10932682577148184
2011-08-31,-0.9186158062515536,-0.04796427902311723,-0.34065456244156533,-0.8560198013967188,-0.26884275356518805,-0.0536207494202139,-0.483964326476998,-0.4915855145687022,-0.8913321000505169,-0.5382732099391875,-0.3522333213953475,0.6836374151440061,0.47256033004489706,0.435195385128641,-0.006585264715233685,0.26391949877374365
2011-09-30,-0.9186158062515536,-0.04796427902311723,-0.3329866922168657,-0.9598510073042273,-0.5870130855284245,-0.08807993309734212,-0.4666001819758353,-0.4656409598112261,-0.095410751597386,-0.5671057062610282,0.13327397838565722,-0.16321162207452444,0.4908798219976521,0.4365581113236565,-0.039962840161650304,0.6064206215160484
2011-10-31,-0.9186158062515536,-0.09481639631126339,-0.3598242380033138,-1.0191831249656609,-0.35974856269754235,-0.10186360656819317,-0.45965452417537034,-0.4786132371899642,-0.058280580415333634,-0.5664908184815278,-1.477442444228563,0.012030027597154791,0.6260678585954376,0.325070995537426,-0.0353355964771932,0.33410690659185976
2011-11-30,-0.9186158062515536,-0.09481639631126339,-0.34832243266626456,-0.994461409273397,-0.507470502537615,-0.09497176983276764,-0.4631273530756028,-0.4656409598112261,-0.23399232939902487,-0.6134651136864573,0.24138075105156867,-0.5593387412598019,0.31226477545829084,0.29554147550883747,-0.03202850625981424,-0.22386233116179213
2011-12-31,-0.9186158062515536,-0.09481639631126339,-0.3521563677786142,-0.9796283798580385,-0.4620175979714395,-0.12253911677447034,-0.4492360374746726,-0.472127098500595,-0.10317666152888959,-0.5984135813090591,0.8157475407900174,0.44889953398241406,0.40664287239346575,0.17820495076910614,-0.03557349103034324,0.26068168680594356
2012-01-31,-0.9186158062515536,-0.09481639631126339,-0.3444884975539149,-1.0587378700732826,-0.5415601809622478,-0.10186360656819317,-0.45965452417537034,-0.4461825437431189,-0.07315231272218932,-0.6021134126978008,-0.1473134375778564,0.6201163296458526,0.34465102016048205,0.149172396856581,-0.034263666266623694,-0.17091609904355626
2012-02-29,-0.9186158062515536,-0.09481639631126339,-0.3598242380033138,-1.05379352693483,-0.38247501498063013,-0.012269729007659554,-0.5048012998783935,-0.4461825437431189,-0.11134468228073702,-0.6259881487723821,-3.4312218571408977,0.33445046448428334,0.47525918377007914,0.14320250469561624,0.07081070318374172,0.6335896849245403
2012-03-31,-0.9287679122341141,-0.1885206308875556,-0.1949650281722757,-1.0043500955503024,-0.41656469340526286,-0.005377892272234033,-0.508274128778626,-0.472127098500595,-0.20070274490306336,-0.6495637322369423,-0.808064723367417,-0.5194976250493955,0.26671139591505594,0.0851550004987256,0.23205366739286815,0.32657691930476646
2012-04-30,-0.908463700268993,-0.19039471557908158,-0.16429354727347828,-0.8214093994275492,-0.38247501498063013,0.022189454669468662,-0.5221654443795561,-0.4656409598112261,-0.4311424014533629,-0.67132960456198,-0.00357155847417051,-0.08123300055698536,-0.019776016185393312,-0.023155870632932563,0.1528392791520874,0.06974671587515896
2012-05-31,-0.908463700268993,-0.19039471557908158,-0.16429354727347828,-0.9301849484735109,-0.3483853365559974,-0.026053402478511206,-0.4978556420779282,-0.472127098500595,0.8086233905925403,-0.693827087140237,0.9531217171249844,-0.22352270130843685,0.6116739720611302,-0.035738169199724945,0.07212528153227149,0.16673494110458373
2012-06-30,-0.908463700268993,-0.19039471557908158,-0.16429354727347828,-0.8609641445351716,-0.25747952742364316,0.0015139444631914881,-0.5117469576788585,-0.5045577919474402,0.03494429300353641,-0.6858927845807934,-0.0680175163070167,0.4284789556706655,0.3556917853998658,-0.16159249344473148,0.02660326047794781,-0.07696525435524723
2012-07-31,-0.908463700268993,-0.19039471557908158,-0.14895780682407941,-0.9598510073042273,-0.280205979706732,0.0015139444631914881,-0.5117469576788585,-0.4656409598112261,-0.2766347800992131,-0.707798505053765,-0.5924038465777848,-1.0922244734796849,0.36427904725272026,-0.12345400379164162,0.031165967857731403,-0.3226662024743841
2012-08-31,-0.908463700268993,-0.19039471557908158,-0.15662567704877867,-0.9746840367195858,-0.20066339671592365,-0.03983707594936225,-0.49090998427746324,-0.4656409598112261,-0.05502351402822684,-0.6983604438447069,-1.069404856622463,0.2834730957725486,0.08596997977403614,0.0310421722822829,0.14309279148681964,-0.27948644566175623
2012-09-30,-0.908463700268993,-0.19039471557908158,-0.15279174193642903,-0.920296262196605,-0.3029324319898208,0.015297617934043143,-0.5186926154793237,-0.472127098500595,-0.30410092756106344,-0.7059486838761678,-0.4572403444115808,0.47890074637512786,0.23841432352374708,0.014994032104842514,0.15505433057532536,-0.17391623571069745
2012-10-31,-0.908463700268993,-0.19039471557908158,-0.16045961216112864,-0.9153519190581523,-0.3597485626975413,0.015297617934043143,-0.5186926154793237,-0.4461825437431189,0.12867991545468926,-0.7117205237151375,-0.7516925320639654,0.21865566159075941,-0.09231793298045435,0.012343482423044172,0.1150315528198782,-0.1680544302225907
2012-11-30,-0.8983115942864311,-0.1885206308875556,-0.15662567704877867,-0.9895170661349438,-0.4052014672637179,0.04975680161117136,-0.5360567599804864,-0.45915482112185696,-0.24988928433757157,-0.7245235379496986,-0.42780473727316304,0.8882012374217328,0.05145736547018503,-0.011216566005175288,0.0911383437287232,-0.04691045013505814
2012-12-31,-0.8983115942864311,-0.1885206308875556,-0.15279174193642903,-1.0241274681041135,-0.6665556685192338,0.029081291404894183,-0.5256382732797886,-0.45266868243248803,-0.1857117246827204,-0.7024915107559507,-1.209782666338901,1.105493969154969,0.20692769672994976,0.011272228565041953,0.08297918849634378,-0.16532185924317308
2013-01-31,-0.8983115942864311,-0.1885206308875556,-0.15662567704877867,-0.9104075759196992,-0.5642866332453356,0.015297617934043143,-0.5186926154793237,-0.43969640505375,-0.5388680233602882,-0.7107592112112099,-0.8645570600061273,0.89875721955991,0.030847937023335825,0.00998811728184723,0.08795059214141876,0.3940536373835623
2013-02-28,-0.908463700268993,-0.19039471557908158,-0.15662567704877867,-0.8510754582582661,-0.5529234071037927,-0.005377892272234033,-0.508274128778626,-0.40077957291753585,0.1598001703383803,-0.7184462862875771,-0.9009851256566099,-0.6570340472941825,0.05121201513153228,-0.02247050925481686,0.017993504361174084,0.16187936403095582
2013-03-31,-0.908463700268993,-0.19039471557908158,-0.15279174193642903,-0.9351292916119635,-0.700645346943866,0.00840578119861701,-0.515219786579091,-0.38132115684942863,-0.10971031592381672,-0.6687240028468363,-2.355464554300224,-0.2673145944594476,0.1383931687995535,-0.12122760070797034,-0.0642616687993357,0.22052060024685421
2013-04-30,-0.8983115942864311,-0.1885206308875556,-0.14128993659938013,-0.9351292916119635,-0.7574614776515866,0.015297617934043143,-0.5186926154793237,-0.38132115684942863,-0.23378518549850355,-0.6794604427477892,-1.050830387791445,0.18520986555295613,0.21731419439959193,-0.14534738939154979,-0.06135542622161483,-0.10438752097950803
2013-05-31,-0.908463700268993,-0.19039471557908158,-0.14895780682407941,-0.9252406053350581,-0.5983763116699683,-0.026053402478511206,-0.4978556420779282,-0.42672412767501194,-0.40537895880045205,-0.6452145727213459,-0.9390231387995613,1.0987406098221235,0.12890628903830562,-0.0707596580499048,0.010320678802342886,0.1908060390933084
2013-06-30,-0.908463700268993,-0.19039471557908158,-0.17962928772287717,-0.618691330750985,-0.5529234071037927,0.042864964875745835,-0.5325839310802539,-0.45266868243248803,-0.25321825674497117,-0.6151572341388678,-0.4247530457575883,0.22468059642518096,0.289283627071129,0.07789682519975982,0.12252131139070244,0.1039393334988426
2013-07-31,-0.908463700268993,-0.19039471557908158,-0.1834632228352268,-1.0043500955503024,-0.530196954820705,0.015297617934043143,-0.5186926154793237,-0.4332102663643808,0.08352033602005476,-0.6085995808235926,-0.7804072671908302,-0.2838955114320462,0.9695583327095934,0.046611390074203785,0.14964750824990714,-0.01515900374114744
2013-08-31,-0.908463700268993,-0.19039471557908158,-0.19113109305992643,-0.9697396935811327,-0.393838241122174,-0.012269729007659554,-0.5048012998783935,-0.4202379889856428,0.01095375171385533,-0.615608337365862,-1.3959839069230637,-1.3442963884681782,0.9743835560364345,-0.02392549272313982,0.14619899795767966,0.4666346828447018
2013-09-30,-0.908463700268993,-0.19039471557908158,-0.20646683350932532,-0.8609641445351716,-0.632465990094601,0.05664863834659688,-0.5395295888807189,-0.4202379889856428,-0.5432081466706953,-0.6237403537952805,-0.6625927514360039,-0.6055875238207509,0.8450839275663204,-0.014771389476053942,0.12190695600246793,0.04990543559063475
2013-10-31,-0.908463700268993,-0.19039471557908158,-0.1834632228352268,-0.7818546543199274,-0.7801879299346753,0.00840578119861701,-0.515219786579091,-0.40077957291753585,-0.030963087654515234,-0.6220763403142946,-1.0595529391312375,0.9456603495516466,1.3262159416647918,-0.01944594610361361,0.18162909177584496,0.38371854158234425
2013-11-30,-0.908463700268993,-0.19039471557908158,-0.16812748238582792,-1.083459585765547,-0.7801879299346753,-0.012269729007659554,-0.5048012998783935,-0.38132115684942863,-0.07371762979941314,-0.623215852227275,-0.9548823230537293,0.9331536712990459,1.3257252409874856,-0.01602504644612801,0.23227725833995305,0.4961487709469856
2013-12-31,-0.908463700268993,-0.19039471557908158,-0.1834632228352268,-0.9301849484735109,-0.757461477651587,0.00840578119861701,-0.515219786579091,-0.3942934342281667,-0.07365182337942855,-0.5783660945006674,-0.5724116627907123,1.4775583875363785,0.45865714418789516,0.013702838155781993,0.23512821669327932,0.13341837518607816
2014-01-31,-0.908463700268993,-0.19039471557908158,-0.20263289839697532,-0.9005188896427943,-0.8256408345008515,-0.019161565743085685,-0.5013284709781607,-0.3942934342281667,-0.3282345091796411,-0.630629263755985,-0.9998647365746418,-0.7448153724432341,-0.07039996939412245,-0.040886505366793835,0.23906202658769082,0.4303234108158289
2014-02-28,-0.908463700268993,-0.19039471557908158,-0.17962928772287717,-1.038960497519472,-0.6779188946607777,-0.03983707594936225,-0.49090998427746324,-0.3878072955387978,-0.574851746043172,-0.6339020835801175,-0.9159792634969142,1.0215646515230066,0.3057220997608778,-0.06567200054941291,0.2715394854776956,-0.017853775944321842
2014-03-31,-0.908463700268993,-0.19039471557908158,-0.20646683350932532,-0.9647953504426804,-0.7801879299346748,-0.019161565743085685,-0.5013284709781607,-0.3878072955387978,-0.19418204623476415,-0.6429796423752718,-1.6796951016033073,0.029327022890237957,0.4255348484697448,-0.015673749619779853,0.3205873195615523,-0.10438752097950803
2014-04-30,-0.908463700268993,-0.14354259829093544,-0.21413470373402457,-0.9994057524118496,-0.768824703793131,-0.012269729007659554,-0.5048012998783935,-0.3618627407813217,-0.13343533844291489,-0.6196621817189882,-1.0307420877361657,0.5506814249147322,0.12350858158794012,0.04898636716818183,0.33453595678057035,0.32943757623981496
2014-05-31,-0.908463700268993,-0.19039471557908158,-0.20263289839697532,-0.8659084876736243,-0.643829216236145,-0.03294523921393673,-0.4943828131776957,-0.3553766020919528,0.07207962950366174,-0.6153862209132641,-1.3513138712738242,1.1133708306802987,0.2960716531071948,0.06653533711649384,0.3466765904430378,0.2703714024751479
2014-06-30,-0.908463700268993,0.9809082166245725,-0.22563650907107383,-0.87579717395053,-0.6892821208023221,-0.026053402478511206,-0.4978556420779282,-0.37483501816005976,-0.33522373951600387,-0.5889609035871891,-0.7976841664010524,0.9936869817358673,0.24683801848416592,0.08593828645880097,0.28497153542871656,0.16030951580414365
2014-07-31,-0.908463700268993,-0.19039471557908158,-0.248640119745172,-0.9450179778888689,-0.7460982515100426,-0.060512586155639425,-0.4804914975767655,-0.3488904634025837,-0.606902730145415,-0.5838629166254582,-0.947096905328956,0.5545951633215184,0.25616133135297864,-0.0029407849354347038,0.27297018288374386,-0.07853438067999687
2014-08-31,-0.908463700268993,-0.19039471557908158,-0.2333043792957731,-1.0043500955503024,-0.871093739067028,-0.03983707594936225,-0.49090998427746324,-0.27754293781952455,0.666425572579476,-0.6017469528332342,-2.2989962467285654,-0.3379841169845069,-0.053389012580850104,-0.07794362301418334,0.32980227330424894,0.595894342166138
2014-09-30,-0.908463700268993,-0.19039471557908158,-0.2716437304192705,-1.0686265563501884,-0.7915511560762187,-0.03983707594936225,-0.49090998427746324,-0.3359181860238456,0.19837495772360872,-0.6150065169659966,-0.983789290717008,0.44923288078677753,0.18042986015542908,-0.1260250964489602,0.39111161029393005,0.49504946078285333
2014-10-31,-0.908463700268993,-0.19039471557908158,-0.22563650907107383,-0.9994057524118496,-0.871093739067028,-0.08807993309734212,-0.4666001819758353,-0.2840290765088934,-0.40972521111554844,-0.6174848690876008,-1.3999727320536577,0.5294459988589841,0.9146816402975457,-0.20100506498812098,0.2663331824064432,0.04058242437260426
2014-11-30,-0.908463700268993,-0.19039471557908158,-0.2563079899698716,-1.1477360465654332,-0.7801879299346753,-0.06740442289106495,-0.47701866867653303,-0.29700135388763144,-0.41635837806284554,-0.621576765593232,-0.32765158580138715,1.1316431740305934,0.6797177993142195,-0.2674142288522152,0.1494486090519911,-0.32914552919203466
2014-12-31,-0.908463700268993,-0.19039471557908158,-0.2984812762057183,-0.890630203365888,-0.7915511560762193,-0.07429625962649046,-0.47354583977630055,-0.31645976995573866,0.4696665430862751,-0.618380569911055,-0.8038115784992538,1.2763897641919835,0.6142910423400946,-0.43365755275868434,-0.0027236577947511442,0.6582560011207311
2015-01-31,-0.908463700268993,-0.19039471557908158,-0.26397586019457087,-1.0092944386887555,-0.8597305129254842,-0.0811880963619166,-0.4700730108760678,-0.2840290765088934,-0.10766354915978027,-0.6368579836530771,-0.0897157638547646,-0.32705774950814814,0.6791453151906964,-0.5466083414635572,-0.012065061298454194,-0.328137546766831
2015-02-28,-0.908463700268993,-0.19039471557908158,-0.290813405981019,-1.0537935269348304,-0.768824703793131,-0.08807993309734212,-0.4666001819758353,-0.27754293781952455,-0.7898452612863888,-0.6478410108477559,-0.39303467724925234,-0.2996245421268271,0.32739471300855744,-0.4647641448758706,0.04011785158127412,-0.3074590837792007
2015-03-31,-0.908463700268993,-0.19039471557908158,-0.2984812762057183,-1.1675134191192442,-0.632465990094601,-0.0811880963619166,-0.4700730108760678,-0.2840290765088934,-0.27179238854603543,-0.6617050804194669,-0.5157991808167434,0.03795700126987048,0.4108138281505661,-0.4759845779256605,-0.0013160350562082535,0.18468833532640114
2015-04-30,-0.908463700268993,-0.14354259829093544,-0.2601419250822212,-1.1081813014578112,-0.768824703793131,-0.10875544330361929,-0.4561816952751376,-0.25808452175141733,0.19076736588649237,-0.657356063851207,0.07625300227180791,0.9907732837421718,0.45759395938706565,-0.4460708393656764,-0.030222727768821844,0.035977536240622575
2015-05-31,-0.908463700268993,-0.19039471557908158,-0.2869794708686694,-1.0785152426270939,-0.7915511560762193,-0.07429625962649046,-0.47354583977630055,-0.27105679913015535,-0.23431080438192575,-0.6706314265401749,-0.08325194481783871,0.17454276781332456,0.31054732308771976,-0.40642392345195544,-0.0035874063408104506,-0.019183834974178277
2015-06-30,-0.908463700268993,-0.19039471557908158,-0.3176509517674668,-1.0488491837963774,-0.8256408345008515,-0.03983707594936225,-0.49090998427746324,-0.25808452175141733,-0.10744025742049457,-0.6779265221496225,-0.5784669876877583,0.21277888089161054,0.3004879592029479,-0.4420931160004393,-0.025014030049686165,0.09730857377867108
2015-07-31,-0.908463700268993,-0.19039471557908158,-0.30998308154276755,-1.1922351348115081,-0.768824703793131,-0.08807993309734212,-0.4666001819758353,-0.2515983830620484,0.07467419579473236,-0.6914664791529472,0.5538307099257289,-1.103891611632407,0.9527109427887557,-0.471168940460584,-0.06550958984726651,0.4928641385614098
2015-08-31,-0.908463700268993,-0.19039471557908158,-0.3214848868798168,-1.2120125073653196,-0.7574614776515866,-0.10875544330361929,-0.4561816952751376,-0.23862610568331039,0.2452011354266794,-0.6891230597036222,-0.48903080012107203,-0.007365817945624391,0.8094263450154223,-0.535811275831924,-0.23030076819120537,0.012518672172033498
2015-09-30,-0.908463700268993,-0.14354259829093544,-0.32531882199216644,-1.0982926151809054,-0.6211027639530562,-0.0811880963619166,-0.4700730108760678,-0.27105679913015535,0.19573700007977707,-0.7214461148244193,0.2149968354287256,-1.356877143788415,0.46176491514416607,-0.5091556885114927,-0.3176978676853086,0.1917064803403854
2015-10-31,-0.908463700268993,-0.14354259829093544,-0.2984812762057183,-1.1230143308731693,-0.8483672867839402,-0.15010646371617303,-0.4353447218737424,-0.2321399669939412,-0.610004566855064,-0.7258803060733985,-0.5653951752115958,-0.39787542616848015,0.6354729549104678,-0.44161117742492384,-0.2629111668423274,0.1838399881269086
2015-11-30,-0.908463700268993,-0.14354259829093544,-0.3904957189021116,-1.1675134191192442,-0.7006453469438655,-0.07429625962649046,-0.47354583977630055,-0.2515983830620484,0.4866900093403491,-0.7262888318999444,-1.1300301927940777,-0.16582901179767479,0.3954385402616468,-0.4308276829307506,-0.2583060523652686,0.6556345644989626
2015-12-31,-0.908463700268993,-0.09669048100278928,-0.428835070025609,-0.9104075759196992,-0.8029143822177637,-0.07429625962649046,-0.47354583977630055,-0.2515983830620484,0.36696235913012465,-0.6970317398796156,-0.748616811481339,0.8368534833718163,1.169518858711762,-0.3875545172416187,-0.16651041842165926,0.22275936855294268
2016-01-31,-0.908463700268993,-0.14354259829093544,-0.3981635891268112,-0.48024972287430734,-0.5415601809622488,-0.04672891268478777,-0.4874371553772308,-0.21916768961520317,-0.5358680482307087,-0.7163254266479027,-0.5729643313329031,-0.6043899445606302,0.26736566348479757,-0.34512253435088813,-0.3042637136141054,0.24473246489048375
2016-02-29,-0.908463700268993,0.04386587086164921,-0.33298669221686605,-0.5544148699510992,-0.5756498593868805,-0.0811880963619166,-0.4700730108760678,-0.21916768961520317,-0.012530950069601667,-0.7142628188033323,-0.26125927353734774,-0.9392676749886018,0.43706631438643406,-0.420428108758523,-0.36571496259513214,0.9111864266028448
2016-03-31,-0.908463700268993,-0.14354259829093544,-0.3904957189021116,-0.34675245813608235,-0.5756498593868805,-0.09497176983276764,-0.4631273530756028,-0.18673699616835818,0.33972227141947,-0.7028788592546032,-0.9117982058299062,-0.36347897442934396,0.7648543668268002,-0.2960195682591973,-0.3219332012024695,0.4030529044757788
2016-04-30,-0.908463700268993,-0.14354259829093544,-0.34832243266626456,-0.4604723503204957,-0.8142776083593075,-0.10186360656819317,-0.45965452417537034,-0.17376471878962013,-0.44741173728559597,-0.7107182713311443,-0.9257831228540363,-0.34715732719347253,0.4229177781907794,-0.2757294016088401,-0.2986691494625813,0.2265047827013886
2016-05-31,-0.908463700268993,-0.09669048100278928,-0.3674921082280134,-0.38630720324370466,-0.643829216236145,-0.08807993309734212,-0.4666001819758353,-0.19322313485772735,-0.4696362994236744,-0.7049704040081635,-0.6835460979051468,-0.16618705095791705,0.4257801988083975,-0.26779857859714973,-0.3218799376794219,0.31227082415955654
2016-06-30,-0.908463700268993,-0.14354259829093544,-0.33298669221686605,-0.48519406601275955,-0.8029143822177631,-0.07429625962649046,-0.47354583977630055,-0.1607924414108821,-0.5864489854569076,-0.6981049612420629,-0.277190544992671,0.5658795699581194,0.16407317091189785,-0.2034929299381556,-0.30956144415612463,-0.1602105753967798
2016-07-31,-0.908463700268993,-0.14354259829093544,-0.30998308154276755,-0.48519406601276,-0.7347350253684982,-0.0811880963619166,-0.4700730108760678,-0.16727858010025123,0.0931077497474714,-0.6973594697311153,-0.4801160162448654,1.3317623722501406,0.5025748548067765,-0.18002942217986484,-0.28583358704563977,0.16109147793976258
2016-08-31,-0.908463700268993,-0.14354259829093544,-0.3368206273292157,-0.4950827522896658,-0.8029143822177631,-0.07429625962649046,-0.47354583977630055,-0.10890333189592988,-1.300657316591511,-0.7083581219028704,-1.3931965351450584,4.571819233595601,1.9165288564638336,-0.010132484974189948,-0.24379008871547525,0.4839451929451421
2016-09-30,-0.908463700268993,-0.14354259829093544,-0.34832243266626456,-0.43080629148977967,-0.939273095916293,-0.08807993309734212,-0.4666001819758353,-0.08295877713845377,0.4515677648084992,-0.6873586525673554,-1.7565400580348665,1.3037118559718501,0.4032897510985421,-0.013608789877633143,-0.20660396730885322,0.32943757623981496
2016-10-31,-0.908463700268993,-0.14354259829093544,-0.3751599784527127,-0.4505836640435908,-1.0983582618979117,-0.0536207494202139,-0.483964326476998,-0.08295877713845377,-0.3248162688528466,-0.675744269875623,-0.6647793965377149,1.233400372607033,0.9550008792828508,0.05127033991097063,-0.24386844324385126,0.14924795178603642
2016-11-30,-0.908463700268993,-0.14354259829093544,-0.428835070025609,-0.5000270954281185,-1.0415421311901902,-0.060512586155639425,-0.4804914975767655,-0.05052808369160879,0.03682017792493012,-0.6567721862718298,-0.6941429164749774,0.8463230018513273,1.5727112485648074,0.0409585293270609,-0.07726864048350057,0.4637134932373084
2016-12-31,-0.908463700268993,-0.14354259829093544,-0.5131816424973027,-0.5247488111203819,-0.8710937390670286,-0.07429625962649046,-0.47354583977630055,-0.024583528934132695,0.030244432306761427,-0.608170782066172,0.23025529300659936,1.571475763121306,1.6245619534668008,0.4282262631734488,0.019583638743248644,-0.3076508046280923
2017-01-31,-0.908463700268993,-0.14354259829093544,-0.5170155776096523,-0.40114023265906223,-0.9733627743409258,-0.06740442289106495,-0.47701866867653303,-0.024583528934132695,-0.4896543130999038,-0.6049756461985891,-0.6050191067799638,-0.08444300682122631,0.3723756084282683,0.7385081966105818,0.17866079005723834,0.431175614138956
2017-02-28,-0.908463700268993,-0.14354259829093544,-0.5131816424973027,-0.4555280071820435,-1.166537618747176,-0.07429625962649046,-0.47354583977630055,0.007847164512712286,-0.25979134658016995,-0.5989226536407952,-0.820776099837803,0.8220874545563077,0.8840946314121423,0.661494196132633,0.1956597474204551,0.22001696361713244
2017-03-31,-0.908463700268993,-0.14354259829093544,-0.5553549287331497,-0.43080629148977967,-0.9165466436332041,-0.0811880963619166,-0.4700730108760678,-0.018097390244763815,0.46820630614465,-0.5776946540303232,-1.3897844076237074,0.1936299589076191,0.45162376781317665,0.32325561067284436,0.09425174562101835,0.2191151818139162
2017-04-30,-0.908463700268993,-0.14354259829093544,-0.5285173829467016,-0.46541669345894887,-1.1324479403225438,-0.060512586155639425,-0.4804914975767655,0.04027785795955756,0.04534375101094829,-0.5547566230225958,-0.9409694932307545,0.22265582324312128,0.18460081591252947,0.24572828977734784,0.07755178573698673,0.4815699999112259
2017-05-31,-0.908463700268993,-0.14354259829093544,-0.5515209936207998,-0.4060845757975154,-0.9733627743409252,-0.0811880963619166,-0.4700730108760678,0.04027785795955756,0.2023651469597975,-0.534826111902301,-1.0113746596924396,-0.07084986490995966,0.5484553681348817,0.07624065834475768,0.04794309314767653,0.24375379739039763
2017-06-30,-0.908463700268993,-0.14354259829093544,-0.5668567340701987,-0.4209176052128734,-1.0301789050486467,-0.03983707594936225,-0.49090998427746324,0.014333303202081454,-0.5620437283729648,-0.522732472452757,-0.9644218626732817,0.5761145514698723,0.7089962730601408,-0.04460038275767686,0.06699565807019425,0.41290611662054094
2017-07-31,-0.908463700268993,-0.002986246426496953,-0.5783585394072479,-0.4753053797358542,-1.1210847141809994,-0.07429625962649046,-0.47354583977630055,0.053250135338295604,0.22601365602054643,-0.5067036376055633,-0.652140107268484,0.304782598895933,0.4701886101045844,0.0569708860888849,0.10589548064661658,0.8794846917107826
2017-08-31,-0.908463700268993,0.04386587086164921,-0.5668567340701987,-0.5840809287818158,-1.0642685834732786,-0.06740442289106495,-0.47701866867653303,0.046763996648926436,-0.4963750926789276,-0.504420346997277,-0.635343789399297,1.656849583572177,0.6990186926215864,0.10362225097024491,0.1535569897094371,0.42278813932713083
2017-09-30,-0.908463700268993,0.04386587086164921,-0.5821924745195975,-0.4703610365974015,-0.8142776083593071,-0.0536207494202139,-0.483964326476998,0.05973627402766449,-0.5040494052080086,-0.5065442532734779,-0.4208122787610981,1.9103906937354576,0.46757153982561994,0.1726751854547366,0.2319377899205599,0.11886552261630329
2017-10-31,-0.908463700268993,0.04386587086164921,-0.6473693714295427,-0.5198044679819293,-1.052905357331735,-0.07429625962649046,-0.47354583977630055,0.1051392448532478,-0.7482373885717052,-0.4715969720271232,-1.3738050780342803,0.8835343821606441,0.3351641403992342,0.11908384477362599,0.23758526408565417,0.4452369689705446
2017-11-30,-0.908463700268993,2.1053590315400803,-0.7048783981147886,-0.8065763700121907,-1.223353749454896,-0.29483503516011206,-0.3624153149688588,0.15702835436819973,0.28540437663806134,-0.35420746439568196,-2.9211328217659323,-0.9059206483743136,0.45931141175763673,0.33858801429221574,0.061970238915477704,0.255949500083775
2017-12-31,-0.908463700268993,0.04386587086164921,-0.7585534896876845,-1.014238781827208,-0.9279098697747491,-0.6601023821376726,-0.17835538325653355,0.21540360257252109,-0.1468782804806232,-0.3362993413117382,-0.6442345442084517,1.3016870827897902,0.22426578732809244,0.164324069156782,0.0018612883456585738,0.6542310784537451
2018-01-31,-0.908463700268993,0.04386587086164921,-0.8313982568223292,-0.8411867719813604,-0.871093739067028,-0.7428044229627807,-0.1366814364537429,0.22837587995125913,0.10242996937196358,-0.3610671386441272,-1.0018110910058353,0.9592905299967314,0.5937633973394629,0.23654651411933125,0.055204268618159524,0.27124545716553383
2018-02-28,-0.908463700268993,0.04386587086164921,-0.8889072835075751,-0.7769103111814742,-0.7460982515100422,-0.7290207494919291,-0.14362709425420817,0.2608065733981041,0.2204182798542236,-0.37761966117925194,-0.8548973750513159,-0.7204563633688207,0.32559547719176873,0.1711441100969766,0.06214803191241769,0.15963010607975137
2018-03-31,-0.908463700268993,0.10008841160742457,-0.9272466346310722,-0.7027451641046827,-0.8483672867839402,-0.8186146270524627,-0.09848031855118503,0.3126956829130563,-0.06397032694720597,-0.3737071236503864,-1.6163304517877912,0.019092041378485,0.7708245584006883,0.270373981835746,0.11435735993658502,0.33908752563404243
2018-04-30,-0.908463700268993,0.04386587086164921,-0.9655859857545693,-0.6829677915508712,-0.996089226624013,0.09799965875915154,-0.09848031855118503,0.35161251504927016,-0.2778169517687145,-0.3694549768621379,-1.2796591933254469,-0.20113908070432565,0.42978758767306274,0.3326328715931899,0.15109271006065628,0.15118662422191398
2018-05-31,-0.908463700268993,0.2312743400142339,-1.0154271422151155,-0.8856858602274353,-0.9506363220578374,0.049756801611171665,-0.07417051624955708,0.35809865373863964,-0.06855189827869455,-0.36745789556681385,-1.435920216363105,1.749124917491166,0.49725893080262906,0.49752456394241706,0.16078032183571134,-0.19981061917757542
2018-06-30,-0.908463700268993,0.2312743400142339,-1.023095012439815,-0.8065763700121907,-0.8597305129254842,0.04286496487574614,-0.07069768734932459,0.3451263763599013,0.4705862399611374,-0.36085327398216743,-0.6871985160970158,-0.870906887738208,0.5417491255450335,0.5907349165771849,0.1906372274777861,0.17031323829776004
2018-07-31,-0.908463700268993,0.2312743400142339,-1.0537664933386128,-0.994461409273397,-0.882456965208572,-0.10875544330361898,0.005704548455791753,0.3775570698067463,-0.5294976567975193,-0.3494466835633099,-2.44516506160448,-0.8497949234618538,0.3293575157177812,0.5273908549490582,0.15241517342006006,0.03079703709214275
2018-08-31,-0.908463700268993,0.2312743400142339,-1.065268298675662,-0.96479535044268,-0.768824703793132,-0.1707819739224499,0.036960008557884665,0.41647390194296074,0.009635211876789286,-0.32415668965024796,-1.7545937036036734,-0.6667628355104205,0.46037459655846624,0.4221913358005267,0.12395336824953973,-0.1772806273815752
2018-09-30,-0.908463700268993,0.2312743400142339,-1.1151094551362084,-0.8955745465043408,-0.9619995481993824,-0.4188880963977736,0.1619818489662563,0.5202521209728651,-0.19318995844150524,-0.29042908976173604,-1.0165649381756219,-0.5169543123938815,0.4393562508805282,0.4248810758457555,0.05931482650058295,-0.01985079822547183
2018-10-31,-0.908463700268993,0.2312743400142339,-1.1496148711473557,-0.9252406053350581,-1.0529053573317335,-0.6601023821376723,0.2835308604743958,0.6953778655858284,-0.28469473083506436,-0.2558917882383961,-2.032874329130217,0.34031489900549283,0.4423822383905815,0.4040421249321633,0.10507213606580867,0.03028914501876162
2018-11-30,-0.908463700268993,0.2312743400142339,-1.1496148711473557,-0.7670216249045685,-1.0529053573317346,-0.8186146270524624,0.3634059251797443,0.8705036101987922,0.2996105467526084,-0.22022632052775107,-0.9955635335723751,-0.8189541709692615,0.23898680764727062,0.053985821759260366,0.10761193795755997,-0.24133906015208637
2018-12-31,-0.908463700268993,0.41868280916681855,-1.0806040391250609,-1.0191831249656609,-1.3369860108703382,-1.04604523932151,0.4780092788874188,1.0326570774330177,0.310302203540152,-0.15071608587612745,-0.22199577797475642,-0.05338002312572508,0.3361455417538461,-0.09546958040658604,0.09783759722130436,-0.4678667331436239
2019-01-31,-0.5734442028444725,0.07010305654301117,-0.5706906691825483,-1.1131256445962634,-1.4619814984273232,-1.4802309536533267,0.6967974996020692,1.3115610410758853,0.13341003059251758,-0.12748231003184285,-0.4679573083166701,-0.9298598873987878,0.6757104104495543,-0.12983685190444705,0.11411764959725712,-0.3781941497271795
2019-02-28,-0.5734442028444725,-0.11730541260957349,-0.5553549287331494,-1.1576247328423384,-1.484707950710412,-1.6387431985681173,0.776672564307418,1.3375055958333615,0.1704214325926723,-0.1538693805305401,-0.1518549312506408,-0.881043099826446,0.8733809999576297,-0.01997823323921366,0.14292777376179444,-0.42427588331507265
2019-03-31,-0.5734442028444725,-0.11730541260957349,-0.520849512722002,-0.9400736347504162,-1.109721488039455,-1.3561778924156647,0.6342865793978834,1.3829085666589447,-0.02582902476293917,-0.15299784526138369,-1.960426691969132,0.521112328749897,0.8628309353955516,0.0007487699011328175,0.11742631701577744,-0.3167482874016815
2019-04-30,-0.5734442028444725,0.2575115256955958,-0.4940119669355538,-0.7867989974583796,-1.0642685834732786,-1.2528003413842794,0.582194145894395,1.3764224279695754,-0.2893935459094407,-0.12278723041572272,0.40388933152268647,0.05400703259107542,1.064754264106945,-0.006352424609530116,0.1340964971836871,-0.2884551957083604
2019-05-31,-0.5734442028444725,0.2575115256955958,-0.4441708104750075,-0.8411867719813608,-0.9619995481993824,-1.335502382209388,0.6238680926971859,1.4477699535526347,0.6556584760655043,-0.09658925161229232,-3.5234454164855897,-1.2256743108265342,0.7584752580218224,-0.08507536069715071,0.08180966505315124,-0.20283834529722944
2019-06-30,-0.5734442028444725,0.2575115256955958,-0.2908134059810187,-0.7867989974583804,-1.0756318096148223,-1.3906370760927935,0.6516507238990463,1.4802006469994797,-0.11829925565243532,-0.07264961090811688,0.236550908574163,0.3518956139126392,0.8035379368877508,-0.16614620632467747,0.06539543197165232,-0.1790305626466296
2019-07-31,-0.5734442028444725,0.07010305654301117,-0.30231521131806793,-0.6978008209662296,-0.8029143822177627,-1.3975289128282191,0.6551235527992788,1.590465004718753,-0.6869525104320012,-0.047855611379984016,-1.3358631811595363,-0.13993907665877728,0.9689858485860694,-0.14498270368875843,0.06240228652984903,-0.12385858080954981
2019-08-31,-0.5734442028444725,0.2575115256955958,-0.1987989632846257,-0.7126338503815877,-0.8938201913501169,-1.4940146271241777,0.7037431574025341,1.7137016398167646,0.5396711936146762,0.06029146684106599,-0.25503574517093963,0.8390881415788458,0.8236566646572945,-0.1927267589291165,0.04483629174432879,-0.17947541151030494
2019-09-30,-0.5734442028444725,3.818272439594704,-0.22947044418342313,-0.9598510073042278,-1.0301789050486467,-1.6180676883618408,0.7662540776067206,1.9536887713234183,1.1803070624913703,0.26318335500686507,-1.0313668434795118,-1.4149782571711769,0.5742989371396608,-0.21136196984762579,0.024361630720234118,-0.26264630508545933
2019-10-31,-0.5734442028444725,2.399590328109638,-0.1911310930599261,-0.7769103111814742,-1.3142595585872494,-1.549149321007583,0.7315257886043945,1.9796333260808945,-0.6103432100883961,0.3534090020344747,-0.16261995328983364,-2.1457485294035776,0.9370903045611837,-0.2618378704212012,0.0028360744099309443,-0.7604445723334726
2019-11-30,-0.5734442028444725,8.50348416840932,-0.21413470373402457,-1.7015024780721455,-0.3029324319898198,-1.8041472802183334,0.8600204579129993,1.7850491653998235,1.3229425084236757,0.6232834785874259,-1.010821991150249,-4.62530552203859,-0.16510520011416815,-0.053480939536820316,0.02934668166434684,-1.093502430005201
2019-12-31,-0.5734442028444725,0.07010305654301117,-0.21413470373402457,-0.9895170661349443,1.8447173087620223,-0.39821258619149696,0.1515633622655589,0.6888917268964595,1.0594591330865066,0.8556512120348015,-0.5832487720310604,-2.1478720720091524,-0.5130119803240776,0.12770198139699618,0.041303118882200174,-0.9625335554478072
2020-01-31,-0.5734442028444725,6.629399476883474,-0.17962928772287717,-0.2429212522285739,1.674268916638861,0.11178333223000257,-0.10542597635164998,0.28675112815558024,1.2065929073947101,1.041041719246641,0.13351426905617497,-1.5189454215987668,-0.2689701768105918,0.06595925235542932,0.005752474327006096,-1.0312052883462637
2020-02-29,-0.5734442028444725,2.8812300938317805,-0.10678452058823239,-0.10447964435189536,1.4697308460910645,0.670022107799482,-0.3867251172704868,-0.21916768961520317,0.6063956913456056,1.160097233444489,0.6975966180964664,-0.4405561633049459,0.03518245967287184,-0.13501801689860826,-0.07309335023787233,-1.103871350227628
2020-03-31,-0.5734442028444725,-0.30471388176215813,0.23060176929854276,0.2712904341705162,1.6174527859311414,-0.23970034127670664,-0.6228774824863001,-0.6667112591816657,1.0772023521940275,1.3035649567452958,0.48212797384324835,-0.08136880851431857,0.1718425983025751,-0.4928845713605783,-0.23708768691827298,-2.841037732799125
2020-04-30,-0.8373989583910644,0.032621362712494203,-0.47100835626145565,0.2465687184782519,0.9924753481462125,-0.19145748412872676,-0.6471872847879281,-0.8029201716584151,2.7656994534719117,1.5841193202717405,0.8766612257662534,-1.5244024322479766,0.515414855862949,-0.6243680324584884,-0.2558505215279262,-3.635225809689832
2020-05-31,-0.8373989583910644,0.032621362712494203,-0.4518386806997071,0.04385064980168766,1.4924572983741544,0.10489149549457676,-0.7965189274979277,-1.0169627484075927,3.075499984235989,1.808429972473963,1.0571675774591467,-0.8316460418909529,0.2156785254752389,-0.5393836981347412,-0.21828219974314378,-3.5996514149916643
2020-06-30,-0.8373989583910644,0.032621362712494203,-0.45950655092440673,-0.5198044679819296,1.4242779415248898,0.42880782205958295,-0.9597418858088576,-1.2439776025355085,3.104042634266457,1.9829652174272596,1.0499588573436158,-1.8383040063569271,0.396747075401129,-0.3535607624693735,-0.17681900989773047,-3.8094026644577546
2020-07-31,-0.8373989583910644,0.032621362712494203,-0.4441708104750079,-0.1687561051517815,1.515183750657242,0.70448129147661,-1.0986550418181598,-1.3412696828760438,6.7027220667893,2.202314370080509,1.331939959196132,-1.1442265749603888,0.42193637683616747,-0.3268938292968152,-0.166743771714015,-3.98408980297988
2020-08-31,-0.8373989583910644,0.032621362712494203,-0.4403368753626579,-0.030314497275104064,1.890170213328199,0.904344556803954,-1.1993670799249037,-1.4774785953527931,-0.4890106357178804,2.1684231859029692,1.3865099704707011,-1.2385884129511346,0.8262737349362599,-0.24383087178146579,-0.07688497595160437,-4.0380237667174805
2020-09-30,-0.8373989583910644,0.032621362712494203,-0.4365029402503083,0.39984335577028807,2.037892153168274,0.9870465976290621,-1.2410410267276941,-1.5617983983145902,1.8509802511597042,2.183560921144349,1.2286630290076264,-1.1555603663087475,0.5334889974770504,-0.3284289830150018,0.030611166640589493,-3.5404639604058152
2020-10-31,-0.8373989583910644,0.032621362712494203,-0.4441708104750079,0.3652329538011193,2.0719818315929057,1.1317751690730011,-1.3139704336325777,-1.6331459238976496,0.41288499563081293,2.1908006612594475,0.631612799972307,-1.1387448719553004,0.4687982915188846,-0.3022655023755991,0.07578891036536217,-3.2975353962560496
2020-11-30,-0.8373989583910644,0.032621362712494203,-0.4518386806997071,0.6322274832775693,1.2083766448355506,1.2902874139877913,-1.3938454983379265,-1.6785488947232325,0.2147142145185703,2.193492182841553,0.40881529026829927,-0.30261231718815906,0.2497822225480012,-0.2972987344464537,0.06713189951827436,-3.208149346579805
2020-12-31,-0.8373989583910644,0.032621362712494203,-0.4403368753626579,0.6915596009390023,1.3560985846756255,1.4763670058442844,-1.4876118786442054,-1.6980073107913398,0.8112677829672907,2.2178141001775393,0.8156033663877069,0.12362712999128671,0.6449598346717157,-0.229099339566893,0.0632388577705647,-2.7703728596217014
2021-01-31,-0.8373989583910644,0.032621362712494203,-0.4365029402503083,1.2304930030303558,1.526546976798786,1.7037976181133314,-1.6022152323518797,-1.9315083036086242,0.9399867693550038,2.234530836745008,0.6115485289840794,-0.9395269447253289,-0.05314366224219689,-0.1357450830393735,0.057283882310362966,-3.543247327178722
2021-02-28,-0.8373989583910644,0.032621362712494203,-0.43266900513795864,0.8646116107848504,2.026528927026729,1.8416343528218448,-1.6716718103565305,-1.9574528583661004,0.6972690080727613,2.2461071740960326,0.5952327924559279,-0.6464533728001266,0.015063731903328133,0.11979493993643486,0.12757191785433308,-3.4957574801464135
2021-03-31,-0.8373989583910644,0.032621362712494203,-0.4441708104750079,1.1513835128151115,2.2992463544237878,1.94501190385323,-1.723764243860019,-1.9704251357448386,3.3818743706451806,2.3279540391412503,0.49541604792287697,-0.9456259566273869,0.5185226268192199,0.9381847692189476,0.4466239089185682,-2.3698462683135033
2021-04-30,-0.8373989583910644,0.032621362712494203,-0.44800474558735753,1.1167731108459424,2.037892153168273,1.910552720176102,-1.7064000993588562,-1.9898835518129456,0.7445211261662353,2.342585227993004,0.38781388566505265,-1.7442878613484842,0.3938846547835118,1.4407875802055266,0.4818099675413765,-1.3745639528385443
2021-05-31,-0.8373989583910644,0.032621362712494203,-0.44800474558735753,1.1266617971228476,1.8106276303373907,2.0208221079429123,-1.7619653617625768,-2.0352865226385286,0.760734238969166,2.3543738751459475,-0.042162240159312636,-0.534769847160419,0.32085203731114437,1.108890096494195,0.5273510894917945,-0.5783088903963228
2021-06-30,-0.8373989583910644,0.032621362712494203,-0.46334048603675637,0.8646116107848504,1.674268916638861,2.027713944678338,-1.7654381906628096,-2.0547449387066354,2.431374693371586,2.3935764911677366,1.1008764504263155,-1.1022495699664683,0.22761890862301654,0.7991167276651112,0.48754838216999796,0.46775351755707534
2021-07-31,-0.8373989583910644,0.032621362712494203,-0.47100835626145565,0.8843889833386611,1.2083766448355506,2.0966323120325945,-1.8001664796651349,-2.09366177084285,3.1478684660911966,2.4414922261664738,0.8741381737258177,-0.912920931265947,0.241522094480018,0.7184908433602966,0.4699701523973854,0.16030951580414365
2021-08-31,-0.8373989583910644,0.032621362712494203,-0.47100835626145565,1.0722740225998668,1.1061076095616535,2.179334352857703,-1.8418404264679256,-2.113120186910957,0.4277640336701769,2.4395542027607884,0.7668964474737698,-0.45638396342324183,0.16808055977656308,0.565792923051216,0.44364671392046984,-0.6484239623752388
2021-09-30,-0.8373989583910644,0.032621362712494203,-0.47867622648615527,1.1810495716458285,1.6856321427804046,2.2413608834765335,-1.8730958865700185,-2.1390647416684327,-2.144241289816462,2.4067621113928706,1.0401069398523903,-3.3252159464871713,0.18427368212765868,0.7828575765131864,0.38798400446652215,-1.5420418499495476
2021-10-31,-0.8373989583910644,0.032621362712494203,-0.5361852531714009,1.1810495716458285,2.3106095805653326,2.3723057814496213,-1.939079635674437,-2.15852315773654,2.0367209647238607,2.440345938698392,0.8075055707912606,1.0112432467656778,0.2236933032045689,1.015660936357937,0.3951606744339371,-1.8126757356533418
2021-11-30,-0.8373989583910644,0.032621362712494203,-0.5821924745195975,1.106884424569037,2.2197037714329793,2.4481159855393035,-1.9772807535769952,-2.177981573804647,1.995468212080607,2.4629417044456985,0.5516440648240178,-1.7692765254978065,0.2366150877069589,0.8363326798060047,0.369678986924987,-1.9194713618539367
2021-12-31,-0.8373989583910644,0.032621362712494203,-0.6473693714295427,1.146439169676659,1.3901882631002562,2.544601699835263,-2.025900358180251,-2.184467712494016,1.6462468995580202,2.475542176920146,1.4041473056866998,1.1878553221886292,0.2573880830462433,0.4823892911700487,0.280603225352668,-2.2644022695534063
2022-01-31,-0.8373989583910644,0.032621362712494203,-0.7623874248000342,0.8102238362618697,1.5606366552234199,2.585952720247817,-2.046737331581646,-2.190953851183385,0.6260286723535109,2.477695974119954,0.6347125496219853,-0.7453586042725673,0.08572462943538293,0.5504345876590893,0.35640024645409585,-1.5780357540191554
2022-02-28,-0.8373989583910644,0.032621362712494203,-0.9387484399681214,0.4789528459855331,0.8333901821645938,2.6135200671895196,-2.0606286471825763,-2.197439989872754,-1.8997245909571536,2.4393692920702525,0.8021951469728195,-0.6988999366866486,0.09889176427642568,0.5115975145319704,0.37905265483285144,-1.5131703470565783
2022-03-31,-0.8373989583910644,0.032621362712494203,-1.1189433902485582,0.48389718912398577,1.0947443834201087,2.696222108014628,-2.102302593985367,-2.203926128562123,1.3729503505098792,2.450606415493572,0.23861740834061523,-2.4338218992633274,0.4949689943085349,0.7089162167698628,0.3490122688546422,-0.9404547004260819
2022-04-30,-0.8373989583910644,0.032621362712494203,-1.3604813023265905,0.6915596009390027,1.5492734290818748,2.689330271279202,-2.098829765085134,-2.2104122672514923,1.422100411557514,2.461783642531623,0.2521457730907615,-0.5910560723860908,0.5119799511218068,0.6199110177469012,0.33839032400189484,-1.6988738149650533
2022-05-31,-0.8373989583910644,0.032621362712494203,-1.391152783225388,0.3059008361396854,0.37886113650282754,2.7582486386334586,-2.1335580540874597,-2.2233845446302305,1.7045621414843792,2.4734189826855437,-0.6462289567737487,-1.6634327420234296,0.21764132818446227,0.6396818422405464,0.24098191161680171,-0.7721803309222617
2022-06-30,-0.8373989583910644,0.032621362712494203,-1.5368423174946775,0.4393981008779108,0.6743050161829761,2.7858159855751614,-2.14744936968839,-2.2493290993877064,0.21936686114795814,2.473904647989726,-0.23506759045091893,1.1092101687147249,0.3789182841256804,0.6009843688167744,0.10673318149370403,-1.6411057709188515
2022-07-31,-0.8373989583910644,0.032621362712494203,-1.5521780579440763,0.40478769890874117,0.02660112611495948,2.923652720283675,-2.216905947693041,-2.229870683319599,0.4382815080182736,2.470450096493068,-0.3108072097980967,-2.226085109255178,0.23833254007752952,0.4146284415639936,0.07426637638450395,-1.763116834708442
2022-08-31,-0.8373989583910644,0.032621362712494203,-1.6326906953034204,0.2564574047551577,0.9242959912969471,2.8823016998711206,-2.196068974291646,-2.2428429606983373,1.3499555900527669,2.4940761619837035,-0.4971285957175184,-0.41262910880604925,0.5288273410426445,0.3832774972128612,0.10890344415025899,-1.2902302457702655
